title,date,author,comments,link
Scrapy Cloud Secrets: Hub Crawl Frontier and How To Use It,"August 06, 2020",Júlio César Batista,0 Comment,https://blog.scrapinghub.com/scrapy-cloud-secrets-hub-crawl-frontier-and-how-to-use-it
Blog Comments API (BETA): Extract Blog Comment DATA At Scale,"July 30, 2020",John Campbell,0 Comment,https://blog.scrapinghub.com/blog-comments-api-beta-release
Your Price Intelligence Questions Answered,"July 28, 2020",Himanshi Bhatt,0 Comment,https://blog.scrapinghub.com/price-intelligence-questions-answered
Data Center Proxies vs. Residential Proxies,"July 21, 2020",Attila Tóth,0 Comment,https://blog.scrapinghub.com/data-center-proxies-vs.-residential-proxies
How to Get High Success Rates With Proxies: 3 Steps to Scale Up,"July 14, 2020",Attila Tóth,0 Comment,https://blog.scrapinghub.com/how-to-get-high-success-rates-with-proxies-3-steps-to-scale-up
Job Postings API: Stable release,"July 09, 2020",John Campbell,0 Comment,https://blog.scrapinghub.com/job-postings-api-stable-release
Web Scraping Basics: A Developer’s Guide To Reliably Extract Data,"July 07, 2020",Chira Mircea,0 Comment,https://blog.scrapinghub.com/web-scraping-basics-tools
Extracting Article & News Data: The Importance of Data Quality,"June 23, 2020",Attila Tóth,0 Comment,https://blog.scrapinghub.com/news-api-blog-importance-of-article-quality
Price Gouging or Economics at Work: Price Intelligence to Track Consumer Sentiment,"June 11, 2020",Robert Cosgrave,0 Comment,https://blog.scrapinghub.com/price-gouging-or-economics-at-work-price-intelligence-to-track-consumer-sentiment
A Practical Guide to Web Data QA Part III: Holistic Data Validation Techniques,"June 09, 2020",Ivan Ivanov and Warley Ferreira Lopes,0 Comment,https://blog.scrapinghub.com/web-data-qa-part-iii-combining-manual-and-automated-techniques-for-holistic-data-validation
Scrapy Cloud Secrets: Hub Crawl Frontier and How To Use It,"August 06, 2020",Júlio César Batista,0 Comment,https://blog.scrapinghub.com/scrapy-cloud-secrets-hub-crawl-frontier-and-how-to-use-it
Blog Comments API (BETA): Extract Blog Comment DATA At Scale,"July 30, 2020",John Campbell,0 Comment,https://blog.scrapinghub.com/blog-comments-api-beta-release
Your Price Intelligence Questions Answered,"July 28, 2020",Himanshi Bhatt,0 Comment,https://blog.scrapinghub.com/price-intelligence-questions-answered
Data Center Proxies vs. Residential Proxies,"July 21, 2020",Attila Tóth,0 Comment,https://blog.scrapinghub.com/data-center-proxies-vs.-residential-proxies
How to Get High Success Rates With Proxies: 3 Steps to Scale Up,"July 14, 2020",Attila Tóth,0 Comment,https://blog.scrapinghub.com/how-to-get-high-success-rates-with-proxies-3-steps-to-scale-up
Job Postings API: Stable release,"July 09, 2020",John Campbell,0 Comment,https://blog.scrapinghub.com/job-postings-api-stable-release
Web Scraping Basics: A Developer’s Guide To Reliably Extract Data,"July 07, 2020",Chira Mircea,0 Comment,https://blog.scrapinghub.com/web-scraping-basics-tools
Extracting Article & News Data: The Importance of Data Quality,"June 23, 2020",Attila Tóth,0 Comment,https://blog.scrapinghub.com/news-api-blog-importance-of-article-quality
Price Gouging or Economics at Work: Price Intelligence to Track Consumer Sentiment,"June 11, 2020",Robert Cosgrave,0 Comment,https://blog.scrapinghub.com/price-gouging-or-economics-at-work-price-intelligence-to-track-consumer-sentiment
A Practical Guide to Web Data QA Part III: Holistic Data Validation Techniques,"June 09, 2020",Ivan Ivanov and Warley Ferreira Lopes,0 Comment,https://blog.scrapinghub.com/web-data-qa-part-iii-combining-manual-and-automated-techniques-for-holistic-data-validation
Scrapy Cloud Secrets: Hub Crawl Frontier and How To Use It,"August 06, 2020",Júlio César Batista,0 Comment,https://blog.scrapinghub.com/scrapy-cloud-secrets-hub-crawl-frontier-and-how-to-use-it
Blog Comments API (BETA): Extract Blog Comment DATA At Scale,"July 30, 2020",John Campbell,0 Comment,https://blog.scrapinghub.com/blog-comments-api-beta-release
Your Price Intelligence Questions Answered,"July 28, 2020",Himanshi Bhatt,0 Comment,https://blog.scrapinghub.com/price-intelligence-questions-answered
Data Center Proxies vs. Residential Proxies,"July 21, 2020",Attila Tóth,0 Comment,https://blog.scrapinghub.com/data-center-proxies-vs.-residential-proxies
How to Get High Success Rates With Proxies: 3 Steps to Scale Up,"July 14, 2020",Attila Tóth,0 Comment,https://blog.scrapinghub.com/how-to-get-high-success-rates-with-proxies-3-steps-to-scale-up
Job Postings API: Stable release,"July 09, 2020",John Campbell,0 Comment,https://blog.scrapinghub.com/job-postings-api-stable-release
Web Scraping Basics: A Developer’s Guide To Reliably Extract Data,"July 07, 2020",Chira Mircea,0 Comment,https://blog.scrapinghub.com/web-scraping-basics-tools
Extracting Article & News Data: The Importance of Data Quality,"June 23, 2020",Attila Tóth,0 Comment,https://blog.scrapinghub.com/news-api-blog-importance-of-article-quality
Price Gouging or Economics at Work: Price Intelligence to Track Consumer Sentiment,"June 11, 2020",Robert Cosgrave,0 Comment,https://blog.scrapinghub.com/price-gouging-or-economics-at-work-price-intelligence-to-track-consumer-sentiment
A Practical Guide to Web Data QA Part III: Holistic Data Validation Techniques,"June 09, 2020",Ivan Ivanov and Warley Ferreira Lopes,0 Comment,https://blog.scrapinghub.com/web-data-qa-part-iii-combining-manual-and-automated-techniques-for-holistic-data-validation
Scrapy Cloud Secrets: Hub Crawl Frontier and How To Use It,"August 06, 2020",Júlio César Batista,0 Comment,https://blog.scrapinghub.com/scrapy-cloud-secrets-hub-crawl-frontier-and-how-to-use-it
Blog Comments API (BETA): Extract Blog Comment DATA At Scale,"July 30, 2020",John Campbell,0 Comment,https://blog.scrapinghub.com/blog-comments-api-beta-release
Your Price Intelligence Questions Answered,"July 28, 2020",Himanshi Bhatt,0 Comment,https://blog.scrapinghub.com/price-intelligence-questions-answered
Data Center Proxies vs. Residential Proxies,"July 21, 2020",Attila Tóth,0 Comment,https://blog.scrapinghub.com/data-center-proxies-vs.-residential-proxies
How to Get High Success Rates With Proxies: 3 Steps to Scale Up,"July 14, 2020",Attila Tóth,0 Comment,https://blog.scrapinghub.com/how-to-get-high-success-rates-with-proxies-3-steps-to-scale-up
Job Postings API: Stable release,"July 09, 2020",John Campbell,0 Comment,https://blog.scrapinghub.com/job-postings-api-stable-release
Web Scraping Basics: A Developer’s Guide To Reliably Extract Data,"July 07, 2020",Chira Mircea,0 Comment,https://blog.scrapinghub.com/web-scraping-basics-tools
Extracting Article & News Data: The Importance of Data Quality,"June 23, 2020",Attila Tóth,0 Comment,https://blog.scrapinghub.com/news-api-blog-importance-of-article-quality
Price Gouging or Economics at Work: Price Intelligence to Track Consumer Sentiment,"June 11, 2020",Robert Cosgrave,0 Comment,https://blog.scrapinghub.com/price-gouging-or-economics-at-work-price-intelligence-to-track-consumer-sentiment
A Practical Guide to Web Data QA Part III: Holistic Data Validation Techniques,"June 09, 2020",Ivan Ivanov and Warley Ferreira Lopes,0 Comment,https://blog.scrapinghub.com/web-data-qa-part-iii-combining-manual-and-automated-techniques-for-holistic-data-validation
Scrapy Cloud Secrets: Hub Crawl Frontier and How To Use It,"August 06, 2020",Júlio César Batista,0 Comment,https://blog.scrapinghub.com/scrapy-cloud-secrets-hub-crawl-frontier-and-how-to-use-it
Blog Comments API (BETA): Extract Blog Comment DATA At Scale,"July 30, 2020",John Campbell,0 Comment,https://blog.scrapinghub.com/blog-comments-api-beta-release
Your Price Intelligence Questions Answered,"July 28, 2020",Himanshi Bhatt,0 Comment,https://blog.scrapinghub.com/price-intelligence-questions-answered
Data Center Proxies vs. Residential Proxies,"July 21, 2020",Attila Tóth,0 Comment,https://blog.scrapinghub.com/data-center-proxies-vs.-residential-proxies
How to Get High Success Rates With Proxies: 3 Steps to Scale Up,"July 14, 2020",Attila Tóth,0 Comment,https://blog.scrapinghub.com/how-to-get-high-success-rates-with-proxies-3-steps-to-scale-up
Job Postings API: Stable release,"July 09, 2020",John Campbell,0 Comment,https://blog.scrapinghub.com/job-postings-api-stable-release
Web Scraping Basics: A Developer’s Guide To Reliably Extract Data,"July 07, 2020",Chira Mircea,0 Comment,https://blog.scrapinghub.com/web-scraping-basics-tools
Extracting Article & News Data: The Importance of Data Quality,"June 23, 2020",Attila Tóth,0 Comment,https://blog.scrapinghub.com/news-api-blog-importance-of-article-quality
Price Gouging or Economics at Work: Price Intelligence to Track Consumer Sentiment,"June 11, 2020",Robert Cosgrave,0 Comment,https://blog.scrapinghub.com/price-gouging-or-economics-at-work-price-intelligence-to-track-consumer-sentiment
A Practical Guide to Web Data QA Part III: Holistic Data Validation Techniques,"June 09, 2020",Ivan Ivanov and Warley Ferreira Lopes,0 Comment,https://blog.scrapinghub.com/web-data-qa-part-iii-combining-manual-and-automated-techniques-for-holistic-data-validation
Scrapy Cloud Secrets: Hub Crawl Frontier and How To Use It,"August 06, 2020",Júlio César Batista,0 Comment,https://blog.scrapinghub.com/scrapy-cloud-secrets-hub-crawl-frontier-and-how-to-use-it
Blog Comments API (BETA): Extract Blog Comment DATA At Scale,"July 30, 2020",John Campbell,0 Comment,https://blog.scrapinghub.com/blog-comments-api-beta-release
Your Price Intelligence Questions Answered,"July 28, 2020",Himanshi Bhatt,0 Comment,https://blog.scrapinghub.com/price-intelligence-questions-answered
Data Center Proxies vs. Residential Proxies,"July 21, 2020",Attila Tóth,0 Comment,https://blog.scrapinghub.com/data-center-proxies-vs.-residential-proxies
How to Get High Success Rates With Proxies: 3 Steps to Scale Up,"July 14, 2020",Attila Tóth,0 Comment,https://blog.scrapinghub.com/how-to-get-high-success-rates-with-proxies-3-steps-to-scale-up
Job Postings API: Stable release,"July 09, 2020",John Campbell,0 Comment,https://blog.scrapinghub.com/job-postings-api-stable-release
Web Scraping Basics: A Developer’s Guide To Reliably Extract Data,"July 07, 2020",Chira Mircea,0 Comment,https://blog.scrapinghub.com/web-scraping-basics-tools
Extracting Article & News Data: The Importance of Data Quality,"June 23, 2020",Attila Tóth,0 Comment,https://blog.scrapinghub.com/news-api-blog-importance-of-article-quality
Price Gouging or Economics at Work: Price Intelligence to Track Consumer Sentiment,"June 11, 2020",Robert Cosgrave,0 Comment,https://blog.scrapinghub.com/price-gouging-or-economics-at-work-price-intelligence-to-track-consumer-sentiment
A Practical Guide to Web Data QA Part III: Holistic Data Validation Techniques,"June 09, 2020",Ivan Ivanov and Warley Ferreira Lopes,0 Comment,https://blog.scrapinghub.com/web-data-qa-part-iii-combining-manual-and-automated-techniques-for-holistic-data-validation
Scrapy Cloud Secrets: Hub Crawl Frontier and How To Use It,"August 06, 2020",Júlio César Batista,0 Comment,https://blog.scrapinghub.com/scrapy-cloud-secrets-hub-crawl-frontier-and-how-to-use-it
Blog Comments API (BETA): Extract Blog Comment DATA At Scale,"July 30, 2020",John Campbell,0 Comment,https://blog.scrapinghub.com/blog-comments-api-beta-release
Your Price Intelligence Questions Answered,"July 28, 2020",Himanshi Bhatt,0 Comment,https://blog.scrapinghub.com/price-intelligence-questions-answered
Data Center Proxies vs. Residential Proxies,"July 21, 2020",Attila Tóth,0 Comment,https://blog.scrapinghub.com/data-center-proxies-vs.-residential-proxies
How to Get High Success Rates With Proxies: 3 Steps to Scale Up,"July 14, 2020",Attila Tóth,0 Comment,https://blog.scrapinghub.com/how-to-get-high-success-rates-with-proxies-3-steps-to-scale-up
Job Postings API: Stable release,"July 09, 2020",John Campbell,0 Comment,https://blog.scrapinghub.com/job-postings-api-stable-release
Web Scraping Basics: A Developer’s Guide To Reliably Extract Data,"July 07, 2020",Chira Mircea,0 Comment,https://blog.scrapinghub.com/web-scraping-basics-tools
Extracting Article & News Data: The Importance of Data Quality,"June 23, 2020",Attila Tóth,0 Comment,https://blog.scrapinghub.com/news-api-blog-importance-of-article-quality
Price Gouging or Economics at Work: Price Intelligence to Track Consumer Sentiment,"June 11, 2020",Robert Cosgrave,0 Comment,https://blog.scrapinghub.com/price-gouging-or-economics-at-work-price-intelligence-to-track-consumer-sentiment
A Practical Guide to Web Data QA Part III: Holistic Data Validation Techniques,"June 09, 2020",Ivan Ivanov and Warley Ferreira Lopes,0 Comment,https://blog.scrapinghub.com/web-data-qa-part-iii-combining-manual-and-automated-techniques-for-holistic-data-validation
Scrapy Cloud Secrets: Hub Crawl Frontier and How To Use It,"August 06, 2020",Júlio César Batista,0 Comment,https://blog.scrapinghub.com/scrapy-cloud-secrets-hub-crawl-frontier-and-how-to-use-it
Blog Comments API (BETA): Extract Blog Comment DATA At Scale,"July 30, 2020",John Campbell,0 Comment,https://blog.scrapinghub.com/blog-comments-api-beta-release
Your Price Intelligence Questions Answered,"July 28, 2020",Himanshi Bhatt,0 Comment,https://blog.scrapinghub.com/price-intelligence-questions-answered
Data Center Proxies vs. Residential Proxies,"July 21, 2020",Attila Tóth,0 Comment,https://blog.scrapinghub.com/data-center-proxies-vs.-residential-proxies
How to Get High Success Rates With Proxies: 3 Steps to Scale Up,"July 14, 2020",Attila Tóth,0 Comment,https://blog.scrapinghub.com/how-to-get-high-success-rates-with-proxies-3-steps-to-scale-up
Job Postings API: Stable release,"July 09, 2020",John Campbell,0 Comment,https://blog.scrapinghub.com/job-postings-api-stable-release
Web Scraping Basics: A Developer’s Guide To Reliably Extract Data,"July 07, 2020",Chira Mircea,0 Comment,https://blog.scrapinghub.com/web-scraping-basics-tools
Extracting Article & News Data: The Importance of Data Quality,"June 23, 2020",Attila Tóth,0 Comment,https://blog.scrapinghub.com/news-api-blog-importance-of-article-quality
Price Gouging or Economics at Work: Price Intelligence to Track Consumer Sentiment,"June 11, 2020",Robert Cosgrave,0 Comment,https://blog.scrapinghub.com/price-gouging-or-economics-at-work-price-intelligence-to-track-consumer-sentiment
A Practical Guide to Web Data QA Part III: Holistic Data Validation Techniques,"June 09, 2020",Ivan Ivanov and Warley Ferreira Lopes,0 Comment,https://blog.scrapinghub.com/web-data-qa-part-iii-combining-manual-and-automated-techniques-for-holistic-data-validation
Scrapy Cloud Secrets: Hub Crawl Frontier and How To Use It,"August 06, 2020",Júlio César Batista,0 Comment,https://blog.scrapinghub.com/scrapy-cloud-secrets-hub-crawl-frontier-and-how-to-use-it
Blog Comments API (BETA): Extract Blog Comment DATA At Scale,"July 30, 2020",John Campbell,0 Comment,https://blog.scrapinghub.com/blog-comments-api-beta-release
Your Price Intelligence Questions Answered,"July 28, 2020",Himanshi Bhatt,0 Comment,https://blog.scrapinghub.com/price-intelligence-questions-answered
Data Center Proxies vs. Residential Proxies,"July 21, 2020",Attila Tóth,0 Comment,https://blog.scrapinghub.com/data-center-proxies-vs.-residential-proxies
How to Get High Success Rates With Proxies: 3 Steps to Scale Up,"July 14, 2020",Attila Tóth,0 Comment,https://blog.scrapinghub.com/how-to-get-high-success-rates-with-proxies-3-steps-to-scale-up
Job Postings API: Stable release,"July 09, 2020",John Campbell,0 Comment,https://blog.scrapinghub.com/job-postings-api-stable-release
Web Scraping Basics: A Developer’s Guide To Reliably Extract Data,"July 07, 2020",Chira Mircea,0 Comment,https://blog.scrapinghub.com/web-scraping-basics-tools
Extracting Article & News Data: The Importance of Data Quality,"June 23, 2020",Attila Tóth,0 Comment,https://blog.scrapinghub.com/news-api-blog-importance-of-article-quality
Price Gouging or Economics at Work: Price Intelligence to Track Consumer Sentiment,"June 11, 2020",Robert Cosgrave,0 Comment,https://blog.scrapinghub.com/price-gouging-or-economics-at-work-price-intelligence-to-track-consumer-sentiment
A Practical Guide to Web Data QA Part III: Holistic Data Validation Techniques,"June 09, 2020",Ivan Ivanov and Warley Ferreira Lopes,0 Comment,https://blog.scrapinghub.com/web-data-qa-part-iii-combining-manual-and-automated-techniques-for-holistic-data-validation
Scrapy Cloud Secrets: Hub Crawl Frontier and How To Use It,"August 06, 2020",Júlio César Batista,0 Comment,https://blog.scrapinghub.com/scrapy-cloud-secrets-hub-crawl-frontier-and-how-to-use-it
Blog Comments API (BETA): Extract Blog Comment DATA At Scale,"July 30, 2020",John Campbell,0 Comment,https://blog.scrapinghub.com/blog-comments-api-beta-release
Your Price Intelligence Questions Answered,"July 28, 2020",Himanshi Bhatt,0 Comment,https://blog.scrapinghub.com/price-intelligence-questions-answered
Data Center Proxies vs. Residential Proxies,"July 21, 2020",Attila Tóth,0 Comment,https://blog.scrapinghub.com/data-center-proxies-vs.-residential-proxies
How to Get High Success Rates With Proxies: 3 Steps to Scale Up,"July 14, 2020",Attila Tóth,0 Comment,https://blog.scrapinghub.com/how-to-get-high-success-rates-with-proxies-3-steps-to-scale-up
Job Postings API: Stable release,"July 09, 2020",John Campbell,0 Comment,https://blog.scrapinghub.com/job-postings-api-stable-release
Web Scraping Basics: A Developer’s Guide To Reliably Extract Data,"July 07, 2020",Chira Mircea,0 Comment,https://blog.scrapinghub.com/web-scraping-basics-tools
Extracting Article & News Data: The Importance of Data Quality,"June 23, 2020",Attila Tóth,0 Comment,https://blog.scrapinghub.com/news-api-blog-importance-of-article-quality
Price Gouging or Economics at Work: Price Intelligence to Track Consumer Sentiment,"June 11, 2020",Robert Cosgrave,0 Comment,https://blog.scrapinghub.com/price-gouging-or-economics-at-work-price-intelligence-to-track-consumer-sentiment
A Practical Guide to Web Data QA Part III: Holistic Data Validation Techniques,"June 09, 2020",Ivan Ivanov and Warley Ferreira Lopes,0 Comment,https://blog.scrapinghub.com/web-data-qa-part-iii-combining-manual-and-automated-techniques-for-holistic-data-validation
Scrapy Cloud Secrets: Hub Crawl Frontier and How To Use It,"August 06, 2020",Júlio César Batista,0 Comment,https://blog.scrapinghub.com/scrapy-cloud-secrets-hub-crawl-frontier-and-how-to-use-it
Blog Comments API (BETA): Extract Blog Comment DATA At Scale,"July 30, 2020",John Campbell,0 Comment,https://blog.scrapinghub.com/blog-comments-api-beta-release
Your Price Intelligence Questions Answered,"July 28, 2020",Himanshi Bhatt,0 Comment,https://blog.scrapinghub.com/price-intelligence-questions-answered
Data Center Proxies vs. Residential Proxies,"July 21, 2020",Attila Tóth,0 Comment,https://blog.scrapinghub.com/data-center-proxies-vs.-residential-proxies
How to Get High Success Rates With Proxies: 3 Steps to Scale Up,"July 14, 2020",Attila Tóth,0 Comment,https://blog.scrapinghub.com/how-to-get-high-success-rates-with-proxies-3-steps-to-scale-up
Job Postings API: Stable release,"July 09, 2020",John Campbell,0 Comment,https://blog.scrapinghub.com/job-postings-api-stable-release
Web Scraping Basics: A Developer’s Guide To Reliably Extract Data,"July 07, 2020",Chira Mircea,0 Comment,https://blog.scrapinghub.com/web-scraping-basics-tools
Extracting Article & News Data: The Importance of Data Quality,"June 23, 2020",Attila Tóth,0 Comment,https://blog.scrapinghub.com/news-api-blog-importance-of-article-quality
Price Gouging or Economics at Work: Price Intelligence to Track Consumer Sentiment,"June 11, 2020",Robert Cosgrave,0 Comment,https://blog.scrapinghub.com/price-gouging-or-economics-at-work-price-intelligence-to-track-consumer-sentiment
A Practical Guide to Web Data QA Part III: Holistic Data Validation Techniques,"June 09, 2020",Ivan Ivanov and Warley Ferreira Lopes,0 Comment,https://blog.scrapinghub.com/web-data-qa-part-iii-combining-manual-and-automated-techniques-for-holistic-data-validation
Scrapy Cloud Secrets: Hub Crawl Frontier and How To Use It,"August 06, 2020",Júlio César Batista,0 Comment,https://blog.scrapinghub.com/scrapy-cloud-secrets-hub-crawl-frontier-and-how-to-use-it
Blog Comments API (BETA): Extract Blog Comment DATA At Scale,"July 30, 2020",John Campbell,0 Comment,https://blog.scrapinghub.com/blog-comments-api-beta-release
Your Price Intelligence Questions Answered,"July 28, 2020",Himanshi Bhatt,0 Comment,https://blog.scrapinghub.com/price-intelligence-questions-answered
Data Center Proxies vs. Residential Proxies,"July 21, 2020",Attila Tóth,0 Comment,https://blog.scrapinghub.com/data-center-proxies-vs.-residential-proxies
How to Get High Success Rates With Proxies: 3 Steps to Scale Up,"July 14, 2020",Attila Tóth,0 Comment,https://blog.scrapinghub.com/how-to-get-high-success-rates-with-proxies-3-steps-to-scale-up
Job Postings API: Stable release,"July 09, 2020",John Campbell,0 Comment,https://blog.scrapinghub.com/job-postings-api-stable-release
Web Scraping Basics: A Developer’s Guide To Reliably Extract Data,"July 07, 2020",Chira Mircea,0 Comment,https://blog.scrapinghub.com/web-scraping-basics-tools
Extracting Article & News Data: The Importance of Data Quality,"June 23, 2020",Attila Tóth,0 Comment,https://blog.scrapinghub.com/news-api-blog-importance-of-article-quality
Price Gouging or Economics at Work: Price Intelligence to Track Consumer Sentiment,"June 11, 2020",Robert Cosgrave,0 Comment,https://blog.scrapinghub.com/price-gouging-or-economics-at-work-price-intelligence-to-track-consumer-sentiment
A Practical Guide to Web Data QA Part III: Holistic Data Validation Techniques,"June 09, 2020",Ivan Ivanov and Warley Ferreira Lopes,0 Comment,https://blog.scrapinghub.com/web-data-qa-part-iii-combining-manual-and-automated-techniques-for-holistic-data-validation
Scrapy Cloud Secrets: Hub Crawl Frontier and How To Use It,"August 06, 2020",Júlio César Batista,0 Comment,https://blog.scrapinghub.com/scrapy-cloud-secrets-hub-crawl-frontier-and-how-to-use-it
Blog Comments API (BETA): Extract Blog Comment DATA At Scale,"July 30, 2020",John Campbell,0 Comment,https://blog.scrapinghub.com/blog-comments-api-beta-release
Your Price Intelligence Questions Answered,"July 28, 2020",Himanshi Bhatt,0 Comment,https://blog.scrapinghub.com/price-intelligence-questions-answered
Data Center Proxies vs. Residential Proxies,"July 21, 2020",Attila Tóth,0 Comment,https://blog.scrapinghub.com/data-center-proxies-vs.-residential-proxies
How to Get High Success Rates With Proxies: 3 Steps to Scale Up,"July 14, 2020",Attila Tóth,0 Comment,https://blog.scrapinghub.com/how-to-get-high-success-rates-with-proxies-3-steps-to-scale-up
Job Postings API: Stable release,"July 09, 2020",John Campbell,0 Comment,https://blog.scrapinghub.com/job-postings-api-stable-release
Web Scraping Basics: A Developer’s Guide To Reliably Extract Data,"July 07, 2020",Chira Mircea,0 Comment,https://blog.scrapinghub.com/web-scraping-basics-tools
Extracting Article & News Data: The Importance of Data Quality,"June 23, 2020",Attila Tóth,0 Comment,https://blog.scrapinghub.com/news-api-blog-importance-of-article-quality
Price Gouging or Economics at Work: Price Intelligence to Track Consumer Sentiment,"June 11, 2020",Robert Cosgrave,0 Comment,https://blog.scrapinghub.com/price-gouging-or-economics-at-work-price-intelligence-to-track-consumer-sentiment
A Practical Guide to Web Data QA Part III: Holistic Data Validation Techniques,"June 09, 2020",Ivan Ivanov and Warley Ferreira Lopes,0 Comment,https://blog.scrapinghub.com/web-data-qa-part-iii-combining-manual-and-automated-techniques-for-holistic-data-validation
Scrapy Cloud Secrets: Hub Crawl Frontier and How To Use It,"August 06, 2020",Júlio César Batista,0 Comment,https://blog.scrapinghub.com/scrapy-cloud-secrets-hub-crawl-frontier-and-how-to-use-it
Blog Comments API (BETA): Extract Blog Comment DATA At Scale,"July 30, 2020",John Campbell,0 Comment,https://blog.scrapinghub.com/blog-comments-api-beta-release
Your Price Intelligence Questions Answered,"July 28, 2020",Himanshi Bhatt,0 Comment,https://blog.scrapinghub.com/price-intelligence-questions-answered
Data Center Proxies vs. Residential Proxies,"July 21, 2020",Attila Tóth,0 Comment,https://blog.scrapinghub.com/data-center-proxies-vs.-residential-proxies
How to Get High Success Rates With Proxies: 3 Steps to Scale Up,"July 14, 2020",Attila Tóth,0 Comment,https://blog.scrapinghub.com/how-to-get-high-success-rates-with-proxies-3-steps-to-scale-up
Job Postings API: Stable release,"July 09, 2020",John Campbell,0 Comment,https://blog.scrapinghub.com/job-postings-api-stable-release
Web Scraping Basics: A Developer’s Guide To Reliably Extract Data,"July 07, 2020",Chira Mircea,0 Comment,https://blog.scrapinghub.com/web-scraping-basics-tools
Extracting Article & News Data: The Importance of Data Quality,"June 23, 2020",Attila Tóth,0 Comment,https://blog.scrapinghub.com/news-api-blog-importance-of-article-quality
Price Gouging or Economics at Work: Price Intelligence to Track Consumer Sentiment,"June 11, 2020",Robert Cosgrave,0 Comment,https://blog.scrapinghub.com/price-gouging-or-economics-at-work-price-intelligence-to-track-consumer-sentiment
A Practical Guide to Web Data QA Part III: Holistic Data Validation Techniques,"June 09, 2020",Ivan Ivanov and Warley Ferreira Lopes,0 Comment,https://blog.scrapinghub.com/web-data-qa-part-iii-combining-manual-and-automated-techniques-for-holistic-data-validation
Scrapy Cloud Secrets: Hub Crawl Frontier and How To Use It,"August 06, 2020",Júlio César Batista,0 Comment,https://blog.scrapinghub.com/scrapy-cloud-secrets-hub-crawl-frontier-and-how-to-use-it
Blog Comments API (BETA): Extract Blog Comment DATA At Scale,"July 30, 2020",John Campbell,0 Comment,https://blog.scrapinghub.com/blog-comments-api-beta-release
Your Price Intelligence Questions Answered,"July 28, 2020",Himanshi Bhatt,0 Comment,https://blog.scrapinghub.com/price-intelligence-questions-answered
Data Center Proxies vs. Residential Proxies,"July 21, 2020",Attila Tóth,0 Comment,https://blog.scrapinghub.com/data-center-proxies-vs.-residential-proxies
How to Get High Success Rates With Proxies: 3 Steps to Scale Up,"July 14, 2020",Attila Tóth,0 Comment,https://blog.scrapinghub.com/how-to-get-high-success-rates-with-proxies-3-steps-to-scale-up
Job Postings API: Stable release,"July 09, 2020",John Campbell,0 Comment,https://blog.scrapinghub.com/job-postings-api-stable-release
Web Scraping Basics: A Developer’s Guide To Reliably Extract Data,"July 07, 2020",Chira Mircea,0 Comment,https://blog.scrapinghub.com/web-scraping-basics-tools
Extracting Article & News Data: The Importance of Data Quality,"June 23, 2020",Attila Tóth,0 Comment,https://blog.scrapinghub.com/news-api-blog-importance-of-article-quality
Price Gouging or Economics at Work: Price Intelligence to Track Consumer Sentiment,"June 11, 2020",Robert Cosgrave,0 Comment,https://blog.scrapinghub.com/price-gouging-or-economics-at-work-price-intelligence-to-track-consumer-sentiment
A Practical Guide to Web Data QA Part III: Holistic Data Validation Techniques,"June 09, 2020",Ivan Ivanov and Warley Ferreira Lopes,0 Comment,https://blog.scrapinghub.com/web-data-qa-part-iii-combining-manual-and-automated-techniques-for-holistic-data-validation
Scrapy Cloud Secrets: Hub Crawl Frontier and How To Use It,"August 06, 2020",Júlio César Batista,0 Comment,https://blog.scrapinghub.com/scrapy-cloud-secrets-hub-crawl-frontier-and-how-to-use-it
Blog Comments API (BETA): Extract Blog Comment DATA At Scale,"July 30, 2020",John Campbell,0 Comment,https://blog.scrapinghub.com/blog-comments-api-beta-release
Your Price Intelligence Questions Answered,"July 28, 2020",Himanshi Bhatt,0 Comment,https://blog.scrapinghub.com/price-intelligence-questions-answered
Data Center Proxies vs. Residential Proxies,"July 21, 2020",Attila Tóth,0 Comment,https://blog.scrapinghub.com/data-center-proxies-vs.-residential-proxies
How to Get High Success Rates With Proxies: 3 Steps to Scale Up,"July 14, 2020",Attila Tóth,0 Comment,https://blog.scrapinghub.com/how-to-get-high-success-rates-with-proxies-3-steps-to-scale-up
Job Postings API: Stable release,"July 09, 2020",John Campbell,0 Comment,https://blog.scrapinghub.com/job-postings-api-stable-release
Web Scraping Basics: A Developer’s Guide To Reliably Extract Data,"July 07, 2020",Chira Mircea,0 Comment,https://blog.scrapinghub.com/web-scraping-basics-tools
Extracting Article & News Data: The Importance of Data Quality,"June 23, 2020",Attila Tóth,0 Comment,https://blog.scrapinghub.com/news-api-blog-importance-of-article-quality
Price Gouging or Economics at Work: Price Intelligence to Track Consumer Sentiment,"June 11, 2020",Robert Cosgrave,0 Comment,https://blog.scrapinghub.com/price-gouging-or-economics-at-work-price-intelligence-to-track-consumer-sentiment
A Practical Guide to Web Data QA Part III: Holistic Data Validation Techniques,"June 09, 2020",Ivan Ivanov and Warley Ferreira Lopes,0 Comment,https://blog.scrapinghub.com/web-data-qa-part-iii-combining-manual-and-automated-techniques-for-holistic-data-validation
Scrapy Cloud Secrets: Hub Crawl Frontier and How To Use It,"August 06, 2020",Júlio César Batista,0 Comment,https://blog.scrapinghub.com/scrapy-cloud-secrets-hub-crawl-frontier-and-how-to-use-it
Blog Comments API (BETA): Extract Blog Comment DATA At Scale,"July 30, 2020",John Campbell,0 Comment,https://blog.scrapinghub.com/blog-comments-api-beta-release
Your Price Intelligence Questions Answered,"July 28, 2020",Himanshi Bhatt,0 Comment,https://blog.scrapinghub.com/price-intelligence-questions-answered
Data Center Proxies vs. Residential Proxies,"July 21, 2020",Attila Tóth,0 Comment,https://blog.scrapinghub.com/data-center-proxies-vs.-residential-proxies
How to Get High Success Rates With Proxies: 3 Steps to Scale Up,"July 14, 2020",Attila Tóth,0 Comment,https://blog.scrapinghub.com/how-to-get-high-success-rates-with-proxies-3-steps-to-scale-up
Job Postings API: Stable release,"July 09, 2020",John Campbell,0 Comment,https://blog.scrapinghub.com/job-postings-api-stable-release
Web Scraping Basics: A Developer’s Guide To Reliably Extract Data,"July 07, 2020",Chira Mircea,0 Comment,https://blog.scrapinghub.com/web-scraping-basics-tools
Extracting Article & News Data: The Importance of Data Quality,"June 23, 2020",Attila Tóth,0 Comment,https://blog.scrapinghub.com/news-api-blog-importance-of-article-quality
Price Gouging or Economics at Work: Price Intelligence to Track Consumer Sentiment,"June 11, 2020",Robert Cosgrave,0 Comment,https://blog.scrapinghub.com/price-gouging-or-economics-at-work-price-intelligence-to-track-consumer-sentiment
A Practical Guide to Web Data QA Part III: Holistic Data Validation Techniques,"June 09, 2020",Ivan Ivanov and Warley Ferreira Lopes,0 Comment,https://blog.scrapinghub.com/web-data-qa-part-iii-combining-manual-and-automated-techniques-for-holistic-data-validation
Scrapy Cloud Secrets: Hub Crawl Frontier and How To Use It,"August 06, 2020",Júlio César Batista,0 Comment,https://blog.scrapinghub.com/scrapy-cloud-secrets-hub-crawl-frontier-and-how-to-use-it
Blog Comments API (BETA): Extract Blog Comment DATA At Scale,"July 30, 2020",John Campbell,0 Comment,https://blog.scrapinghub.com/blog-comments-api-beta-release
Your Price Intelligence Questions Answered,"July 28, 2020",Himanshi Bhatt,0 Comment,https://blog.scrapinghub.com/price-intelligence-questions-answered
Data Center Proxies vs. Residential Proxies,"July 21, 2020",Attila Tóth,0 Comment,https://blog.scrapinghub.com/data-center-proxies-vs.-residential-proxies
How to Get High Success Rates With Proxies: 3 Steps to Scale Up,"July 14, 2020",Attila Tóth,0 Comment,https://blog.scrapinghub.com/how-to-get-high-success-rates-with-proxies-3-steps-to-scale-up
Job Postings API: Stable release,"July 09, 2020",John Campbell,0 Comment,https://blog.scrapinghub.com/job-postings-api-stable-release
Web Scraping Basics: A Developer’s Guide To Reliably Extract Data,"July 07, 2020",Chira Mircea,0 Comment,https://blog.scrapinghub.com/web-scraping-basics-tools
Extracting Article & News Data: The Importance of Data Quality,"June 23, 2020",Attila Tóth,0 Comment,https://blog.scrapinghub.com/news-api-blog-importance-of-article-quality
Price Gouging or Economics at Work: Price Intelligence to Track Consumer Sentiment,"June 11, 2020",Robert Cosgrave,0 Comment,https://blog.scrapinghub.com/price-gouging-or-economics-at-work-price-intelligence-to-track-consumer-sentiment
A Practical Guide to Web Data QA Part III: Holistic Data Validation Techniques,"June 09, 2020",Ivan Ivanov and Warley Ferreira Lopes,0 Comment,https://blog.scrapinghub.com/web-data-qa-part-iii-combining-manual-and-automated-techniques-for-holistic-data-validation
Scrapy Cloud Secrets: Hub Crawl Frontier and How To Use It,"August 06, 2020",Júlio César Batista,0 Comment,https://blog.scrapinghub.com/scrapy-cloud-secrets-hub-crawl-frontier-and-how-to-use-it
Blog Comments API (BETA): Extract Blog Comment DATA At Scale,"July 30, 2020",John Campbell,0 Comment,https://blog.scrapinghub.com/blog-comments-api-beta-release
Your Price Intelligence Questions Answered,"July 28, 2020",Himanshi Bhatt,0 Comment,https://blog.scrapinghub.com/price-intelligence-questions-answered
Data Center Proxies vs. Residential Proxies,"July 21, 2020",Attila Tóth,0 Comment,https://blog.scrapinghub.com/data-center-proxies-vs.-residential-proxies
How to Get High Success Rates With Proxies: 3 Steps to Scale Up,"July 14, 2020",Attila Tóth,0 Comment,https://blog.scrapinghub.com/how-to-get-high-success-rates-with-proxies-3-steps-to-scale-up
Job Postings API: Stable release,"July 09, 2020",John Campbell,0 Comment,https://blog.scrapinghub.com/job-postings-api-stable-release
Web Scraping Basics: A Developer’s Guide To Reliably Extract Data,"July 07, 2020",Chira Mircea,0 Comment,https://blog.scrapinghub.com/web-scraping-basics-tools
Extracting Article & News Data: The Importance of Data Quality,"June 23, 2020",Attila Tóth,0 Comment,https://blog.scrapinghub.com/news-api-blog-importance-of-article-quality
Price Gouging or Economics at Work: Price Intelligence to Track Consumer Sentiment,"June 11, 2020",Robert Cosgrave,0 Comment,https://blog.scrapinghub.com/price-gouging-or-economics-at-work-price-intelligence-to-track-consumer-sentiment
A Practical Guide to Web Data QA Part III: Holistic Data Validation Techniques,"June 09, 2020",Ivan Ivanov and Warley Ferreira Lopes,0 Comment,https://blog.scrapinghub.com/web-data-qa-part-iii-combining-manual-and-automated-techniques-for-holistic-data-validation
